ticker,rating,action,entry_price,stop_loss,price_target,executive_summary,date
ACHV,Sell,Hold,,,,Sell ACHV to mitigate exposure to its financial instability and speculative nature while maintaining capital flexibility.,2026-06-28
ABBV,Buy,Hold,,,,"Enter or increase a position in ABBV to capitalize on expected earnings recovery and solid growth prospects from new product approvals, while monit...",2026-06-28
ALGM,Hold,Hold,,,,"Maintain current position in Allegro MicroSystems (ALGM), given the complex balance between its strong growth potential, competitive technological ...",2026-06-28
ACHC,Hold,Hold,,,,Maintain the existing position in ACHC while closely monitoring its financial health and industry dynamics. Given the company's operational challen...,2026-06-28
ALOY,Hold,Hold,,,,"Maintain current position with a hold rating on ALOY, focusing on strategic partnerships while closely monitoring financial health improvements.",2026-06-28
BDX,Hold,Hold,,,,Maintain current position on BDX while closely monitoring technical indicators for clearer bullish signals before taking further action.,2026-06-28
ASML,Overweight,Hold,,,,Position ASML at 3% of portfolio on validated MACD crossovers with a trailing stop-loss to protect against sudden downturns while capturing upside ...,2026-06-28
AMD,Hold,Hold,,,,Maintain current position in AMD while monitoring market conditions and upcoming catalysts such as earnings reports and advancements in AI technology.,2026-06-28
ARE,Underweight,Hold,,,,"Given ARE's high debt-to-equity ratio, partial sell while maintaining a watch position for future opportunities is recommended. Implement stop-loss...",2026-06-28
AMAT,Overweight,Hold,,,,"Based on a balanced approach, enter or increase exposure to AMAT with a target position sizing of 3-4% of the portfolio. Maintain flexibility to sc...",2026-06-28
BLFS,Hold,Hold,,,,"Maintain current holdings of BLFS at 1% of the portfolio, with a stop loss set at $105.0. Monitor for any signs of a breakout or correction relativ...",2026-06-28
CHYM,Hold,Hold,,,,"Maintain current position in CHYM, given mixed arguments for both continued growth potential and significant risks. Monitor market indicators such ...",2026-06-28
CAT,Overweight,Hold,,,,"Given the bullish sentiment surrounding Caterpillar Inc.'s (CAT) robust order backlog, strategic investments in sustainable technologies, strong fi...",2026-06-28
BKNG,Underweight,Hold,,,,"Given the significant liquidity concerns and negative equity issues, it's prudent to take a cautious stance by reducing exposure or avoiding entry ...",2026-06-28
DV,Hold,Hold,,,,Maintain current position in DV without增持或减持。密切关注即将到来的财报，以及任何可能影响公司表现的战略合作伙伴关系和创新产品发布。,2026-06-28
DDOG,Hold,Hold,,,,"Maintain current position size as allocated for DDOG while continuously monitoring key financial metrics such as debt levels, revenue growth trends...",2026-06-28
DE,Buy,Hold,,,,"Acquire DE with strategic positioning, given its strong operational strategies and financial stability despite high leverage concerns. Position siz...",2026-06-28
CRWD,Overweight,Hold,,,,"Proceed with a moderated entry into CRWD, allocating an initial 5% of the portfolio while implementing dynamic stop-loss strategies to balance risk...",2026-06-28
FROG,Hold,Hold,,,,"Maintain current position in FROG, observing further developments in operational efficiency while closely monitoring market trends and broader econ...",2026-06-28
FAST,Hold,Hold,,,,"Given the robust financial health of FAST but considering potential macroeconomic uncertainties and competitive pressures, a hold recommendation is...",2026-06-28
EXC,Overweight,Hold,,,,Enter a position in EXC gradually over the next quarter by incrementally buying into positions while maintaining a moderate exposure of 10% of the ...,2026-06-28
GLW,Overweight,Hold,,,,"Enter position with a cautiously optimistic approach by adding small tranches on dips, sizing positions to 1.5%-2% of portfolio, while monitoring m...",2026-06-28
FTNT,Underweight,Hold,,,,"Reduce position size by 20% to mitigate immediate downside risk, maintain a cautious stance due to elevated valuation metrics and bearish technical...",2026-06-28
KDP,Hold,Hold,,,,Maintain the current position in KDP while keeping an eye on potential entry points due to technical overbought conditions. Monitor progress of lea...,2026-06-28
INFU,Overweight,Hold,,,,"Recommend gradually increasing exposure to INFU at entry points around the VWMA support level, given its strong fundamentals and positive technical...",2026-06-28
KLAC,Overweight,Hold,,,,The executive summary for KLAC is to maintain a gradual increase in exposure as it demonstrates strong strategic positioning within the semiconduct...,2026-06-28
JPM,Hold,Hold,,,,"Maintain current exposure to JPM without significantly increasing or decreasing positions, focusing on disciplined risk management around key suppo...",2026-06-28
KPTI,Underweight,Hold,,,,"Given Karyopharm Therapeutics Inc.'s (KPTI) financial challenges and operational risks, coupled with mixed technical signals and a volatile market ...",2026-06-28
LII,Hold,Hold,,,,"Maintain position in LII with a balanced risk management approach, monitor retail sentiment alongside financial reports for any shifts in the compa...",2026-06-28
MAMA,Overweight,Hold,,,,"Given Mama's Creations Inc.'s (MAMA) strong forward growth expectations and improving financial metrics, alongside positive social media sentiment ...",2026-06-28
LRCX,Overweight,Hold,,,450.0,"Initiate a position in LRCX with 4% allocation, while setting stop-loss around $300-$320 to manage risk. Monitor for institutional upgrades and mar...",2026-06-28
MMED,Hold,Hold,,,,Maintain current position in MMED given mixed signals from technical and fundamental analysis. Monitor closely for further developments.,2026-06-28
NUVB,Underweight,Hold,,,,Trim current holdings in NUVB to reduce exposure while monitoring for market changes indicative of improved financial health or significant busines...,2026-06-28
NOVT,Hold,Hold,,,,Maintain current holdings of NOVT at this time given both significant operational and growth potential opportunities alongside notable market uncer...,2026-06-28
MU,Hold,Hold,,,,"Hold Micron Technology Inc. (MU) at 5% of the portfolio position with close monitoring due to high valuation levels and economic uncertainties, des...",2026-06-28
PCAR,Underweight,Hold,,,,Trim current holdings of PACCAR (PCAR) by approximately 20%. Maintain a defensive stance due to significant financial risks while allowing for pote...,2026-06-28
PLSE,Hold,Hold,,,,"Maintain current position in PLSE, given its mixed fundamentals and market sentiment. Focus on entry strategies that leverage technical support lev...",2026-06-28
PK,Overweight,Hold,,,,"Enter a position in Park Hotels & Resorts Inc. (PK) due to its strong brand positioning, diversified revenue streams, and positive financial trends...",2026-06-28
RCL,Underweight,Hold,,,,"Reduce exposure to RCL by selling a portion of the position given its high debt levels, negative free cash flow, and geopolitical risks. Monitor li...",2026-06-28
SPG,Overweight,Hold,,,,"Allocate 5% of the portfolio to SPG, leveraging its strong fundamentals but with caution due to its high debt-to-equity ratio. Monitor for technica...",2026-06-28
SNDK,Underweight,Hold,,,,"Given the overbought technical conditions and high valuation concerns, we recommend a gradual reduction of positions by 10% to protect against pote...",2026-06-28
SDOT,Underweight,Hold,,,,"Trim SDOT holdings by 50%, maintaining a cautious approach to mitigate short-term risks while retaining some exposure for potential positive develo...",2026-06-28
ROP,Buy,Hold,,,,"Initiate long positions in Roper Technologies (ROP) with an above-average allocation in the technology sector portfolio, based on strong fundamenta...",2026-06-28
TER,Overweight,Hold,,,,"Recommend an Overweight position on TER with moderate exposure, gradually increasing holdings while actively monitoring key financial ratios such a...",2026-06-28
STX,Overweight,Hold,,,1200.0,"Adopt a partial entry strategy into STX at $1120 as part of a broader tech allocation, with position sizing limited to 3% and strict stop-loss at $...",2026-06-28
TTWO,Overweight,Hold,,,,"Gradually build a position in TTWO during price dips correlated with upcoming financial announcements, aiming for 5% of the portfolio as part of an...",2026-06-28
TXG,Overweight,Hold,,,,"Maintain current position in TXG with a slight aggressive tilt towards incremental buys during pullbacks, balancing potential upside against operat...",2026-06-28
TATT,Overweight,Hold,,,,"Recommend a phased approach to building position over 3 months with initial sizing at 5% of portfolio allocation, expanding subsequent positions ba...",2026-06-28
URI,Hold,Hold,,,,"Maintain the current position in URI as there are balanced bullish and bearish arguments, but lean towards cautious optimism due to strong industry...",2026-06-28
VLTO,Sell,Hold,,,,"Sell VLTO to mitigate risks associated with high debt levels, declining cash flows, increased competition, and operational challenges while leverag...",2026-06-28
UBER,Underweight,Hold,,,,"Recommend an Underweight rating for UBER, reducing exposure by selling a portion of the current holdings or hedging with put options. Maintain dili...",2026-06-28
VECO,Hold,Hold,,,,Maintain position in VECO given balanced indicators of moderate growth potential countered by operational and valuation concerns; wait for clearer ...,2026-06-28
VRTX,Overweight,Hold,,,,"Recommend gradually increasing exposure to VRTX, starting with a 3% portfolio allocation while monitoring closely for any signs of technical exhaus...",2026-06-28
WM,Underweight,Hold,,,,"Maintain underweight position with reduced exposure due to significant debt levels, while monitoring market conditions closely and considering part...",2026-06-28
WDC,Buy,Hold,,,,"Enter a 5% position size in WDC given its robust growth prospects driven by AI and cloud services demand, strong technological capabilities, and po...",2026-06-28
ZSQR,Hold,Hold,,,,"Maintain current position in Z Squared Inc., while closely monitoring for signs of financial stabilization or operational improvement that could ju...",2026-06-28
